ChEMBL_ID,canonical_smiles,activity_flag
CHEMBL522124,C/C1=C/C(=O)O[C@@H]2C[C@@H](CC[C@H](C)/C=C\C3OC3CC1)O[C@@](O)([C@@H]1CSC(=O)N1)C2,active
CHEMBL404116,C/C1=C/C(=O)O[C@@H]2C[C@@H](CC[C@H](C)/C=C\C=C\CC1)O[C@@](O)([C@@H]1CSC(=O)N1)C2,active
CHEMBL4283758,C=C1C(=O)[C@]23[C@H](O)[C@H]1C[C@H](O)[C@H]2[C@]12CCCC(C)(C)[C@H]1C[C@H]3O[C@@H]2OCCCn1cc(CN2C(=O)S/C(=C/C)C2=O)nn1,active
CHEMBL4295041,C=C1C(=O)[C@]23[C@H](O)[C@H]1C[C@H](O)[C@H]2[C@]12CCCC(C)(C)[C@H]1C[C@H]3O[C@@H]2OCCCn1cc(CN2C(=O)S/C(=C/CC)C2=O)nn1,active
CHEMBL4280306,C=C1C(=O)[C@]23[C@H](O)[C@H]1C[C@H](O)[C@H]2[C@]12CCCC(C)(C)[C@H]1C[C@H]3O[C@@H]2OCCCn1cc(CN2C(=O)S/C(=C/CCCCC)C2=O)nn1,active
CHEMBL4291623,C=C1C(=O)[C@]23[C@H](O)[C@H]1C[C@H](O)[C@H]2[C@]12CCCC(C)(C)[C@H]1C[C@H]3O[C@@H]2OCCCn1cc(CN2C(=O)SC(=C(C)C)C2=O)nn1,active
CHEMBL3261567,C=CCN(CC=C)C(=O)c1cccc(C2SCC(=O)N2c2ccccc2OC)c1,inactive
CHEMBL560335,C=CCc1cc(/C=C2\SC(=O)NC2=O)c(O)c(-c2cc(/C=C3\SC(=O)NC3=O)c(O)c(CC=C)c2)c1,inactive
CHEMBL565219,C=CCc1cc(/C=C2\SC(=O)NC2=O)c(O)c(-c2ccc(O)c(CC=C)c2)c1,inactive
CHEMBL558653,C=CCc1ccc(O)c(-c2cc(/C=C3\SC(=O)NC3=O)c(O)c(CC=C)c2)c1,inactive
CHEMBL5173685,CC1=C(O)C(=O)C=C2C1=CC=C1[C@@]2(C)CC[C@@]2(C)[C@@H]3C[C@](C)(C(=O)N4CCN(C(=O)CN5C(=O)S/C(=C\C(C)C)C5=O)CC4)CC[C@]3(C)CC[C@]12C,active
CHEMBL5177456,CC1=C(O)C(=O)C=C2C1=CC=C1[C@@]2(C)CC[C@@]2(C)[C@@H]3C[C@](C)(C(=O)N4CCN(C(=O)CN5C(=O)S/C(=C\C6CC6)C5=O)CC4)CC[C@]3(C)CC[C@]12C,active
CHEMBL5192712,CC1=C(O)C(=O)C=C2C1=CC=C1[C@@]2(C)CC[C@@]2(C)[C@@H]3C[C@](C)(C(=O)N4CCN(C(=O)CN5C(=O)S/C(=C\c6ccc7c(c6)OCO7)C5=O)CC4)CC[C@]3(C)CC[C@]12C,active
CHEMBL5196368,CC1=C(O)C(=O)C=C2C1=CC=C1[C@@]2(C)CC[C@@]2(C)[C@@H]3C[C@](C)(C(=O)N4CCN(C(=O)CN5C(=O)S/C(=C\c6ccco6)C5=O)CC4)CC[C@]3(C)CC[C@]12C,active
CHEMBL5170428,CC1=C(O)C(=O)C=C2C1=CC=C1[C@@]2(C)CC[C@@]2(C)[C@@H]3C[C@](C)(C(=O)N4CCN(C(=O)CN5C(=O)CSC5=O)CC4)CC[C@]3(C)CC[C@]12C,active
CHEMBL175769,CC(=O)CCC(=O)OC[C@]12C[C@H]3OC4(O)[C@@H](O[C@H](C)C[C@@]45NC(=O)CS5)O[C@@H]3C[C@@H]1CC[C@@H]1[C@@H]2CC[C@]2(C)[C@@H](C3=CC(=O)OC3)CC[C@]12CO,active
CHEMBL360496,CC(=O)OC[C@]12C[C@H]3OC4(O)[C@@H](O[C@H](C)C[C@@]45NC(=O)CS5)O[C@@H]3C[C@@H]1CC[C@@H]1[C@@H]2CC[C@]2(C)[C@@H](C3=CC(=O)OC3)CC[C@]12CO,active
CHEMBL3818310,CC(C)(C)N1/C(=N/c2ccc(Cl)c(C(F)(F)F)c2)SCC1(O)C(F)(F)F,active
CHEMBL5179225,CC(C)(C)c1ccc(C/N=C2\NC(=O)/C(=C3\CCNC(=O)c4[nH]c5ccccc5c43)S2)cc1,inactive
CHEMBL5195197,CC(C)(C)c1ccc(C/N=C2\NC(=O)/C(=C3\CCNC(=O)c4[nH]ccc43)S2)cc1,inactive
CHEMBL175719,CC(O)CCC(=O)OC[C@]12C[C@H]3OC4(O)[C@@H](O[C@H](C)C[C@@]45NC(=O)CS5)O[C@@H]3C[C@@H]1CC[C@@H]1[C@@H]2CC[C@]2(C)[C@@H](C3=CC(=O)OC3)CC[C@]12CO,active
CHEMBL2316327,CC1Oc2ccc(Br)cc2C=C1/C=C1\SC(=O)N(C)C1=O,inactive
CHEMBL2316323,CC1Oc2ccc(Br)cc2C=C1/C=C1\SC(=O)NC1=O,inactive
CHEMBL2316329,CC1Oc2ccc(Br)cc2C=C1/C=C1\SC(=S)N(CC(=O)O)C1=O,inactive
CHEMBL2316324,CC1Oc2ccc(Br)cc2C=C1/C=C1\SC(=S)NC1=O,inactive
CHEMBL3818182,CCCN1/C(=N/c2ccccc2)SCC1(O)C(F)(F)F,inactive
CHEMBL3261566,CCN(CC)C(=O)c1cccc(C2SCC(=O)N2c2ccccc2OC)c1,inactive
CHEMBL4472209,CCN(CC)CCCOc1cc2nccc(Oc3c(F)cc(NC(=O)NN4C(=O)CSC4c4c(F)cccc4F)cc3F)c2cc1OC,active
CHEMBL258039,CCN(CC)c1ccc(CC(=O)Nc2n[nH]c3ccc(N4CCCS4(=O)=O)cc23)cc1,active
CHEMBL2316328,CCN1C(=O)S/C(=C\C2=Cc3cc(Br)ccc3OC2C)C1=O,inactive
CHEMBL2316330,CCN1C(=O)S/C(=C\C2=Cc3cccc(OC)c3OC2)C1=O,inactive
CHEMBL2316318,CCN1C(=O)S/C(=C\C2=Cc3ccccc3OC2)C1=O,inactive
CHEMBL4460407,CCN1CCN(CCCCOc2cc3nccc(Oc4c(F)cc(NC(=O)NN5C(=O)CSC5c5c(F)cccc5F)cc4F)c3cc2OC)CC1,active
CHEMBL4587222,CCN1CCN(CCCOc2cc3nccc(Oc4c(F)cc(NC(=O)NN5C(=O)CSC5c5c(F)cccc5F)cc4F)c3cc2OC)CC1,active
CHEMBL4585340,CCN1CCN(CCCOc2cc3nccc(Oc4ccc(C5SCC(=O)N5NC(=O)Nc5ccc(F)cc5F)cc4F)c3cc2OC)CC1,active
CHEMBL4584914,CCN1CCN(CCOc2cc3nccc(Oc4c(F)cc(NC(=O)NN5C(=O)CSC5c5c(F)cccc5F)cc4F)c3cc2OC)CC1,active
CHEMBL3793638,CCOc1cc([C@@H]2SCC(=O)N2NC(=O)c2cnc(C)cn2)ccc1O,inactive
CHEMBL3794581,CCOc1cc([C@H]2SCC(=O)N2NC(=O)c2nccnc2N)ccc1O,inactive
CHEMBL262615,CCOc1ccc(/C=C2/SC(=O)N(CCN)C2=O)cc1,inactive
CHEMBL363555,CCOc1ccc(/C=C2\SC(=O)N(CCN)C2=O)cc1,inactive
CHEMBL3261543,CCOc1ccc(N2C(=O)CSC2c2cccc(Br)c2)cc1,active
CHEMBL5273830,CCc1ccccc1-n1nc(-c2c[nH]c3ccc(OC)cc23)cc1/N=C1/NC(=O)CS1,inactive
CHEMBL5271989,CCc1ccccc1-n1nc(-c2c[nH]c3ccccc23)cc1/N=C1/NC(=O)CS1,inactive
CHEMBL5277541,CCc1ccccc1-n1nc(-c2cn(C)c3ccc(Br)cc23)cc1/N=C1/NC(=O)CS1,inactive
CHEMBL5290235,CCc1ccccc1-n1nc(-c2cn(C)c3ccc(OC)cc23)cc1/N=C1/NC(=O)CS1,inactive
CHEMBL5276640,CCc1ccccc1-n1nc(-c2cn(C)c3ccccc23)cc1/N=C1/NC(=O)CS1,inactive
CHEMBL5280534,CCc1ccccc1-n1nc(-c2cn(CC)c3ccc(Br)cc23)cc1/N=C1/NC(=O)CS1,inactive
CHEMBL5286192,CCc1ccccc1-n1nc(-c2cn(CC)c3ccc(OC)cc23)cc1/N=C1/NC(=O)CS1,inactive
CHEMBL5270461,CCc1ccccc1-n1nc(-c2cn(CC)c3ccccc23)cc1/N=C1/NC(=O)CS1,inactive
CHEMBL5268900,CCc1ccccc1-n1nc(-c2cn(Cc3ccccc3)c3ccccc23)cc1/N=C1/NC(=O)CS1,inactive
CHEMBL4281869,CCn1c(/C=C2\SC(=S)N(CC(=O)O)C2=O)nc2ccccc21,active
CHEMBL5274642,CCn1cc(-c2cc(/N=C3/NC(=O)CS3)n(-c3ccc(C#N)cc3)n2)c2cc(Br)ccc21,inactive
CHEMBL5277319,CCn1cc(-c2cc(/N=C3/NC(=O)CS3)n(-c3ccc(C#N)cc3)n2)c2ccccc21,inactive
CHEMBL5287241,CCn1cc(-c2cc(/N=C3/NC(=O)CS3)n(-c3ccc(Cl)cc3)n2)c2cc(Br)ccc21,inactive
CHEMBL5286109,CCn1cc(-c2cc(/N=C3/NC(=O)CS3)n(-c3ccc(Cl)cc3)n2)c2cc(OC)ccc21,inactive
CHEMBL5273156,CCn1cc(-c2cc(/N=C3/NC(=O)CS3)n(-c3ccc(Cl)cc3)n2)c2ccccc21,inactive
CHEMBL5267600,CCn1cc(-c2cc(/N=C3/NC(=O)CS3)n(-c3cccc(Cl)c3)n2)c2cc(Br)ccc21,inactive
CHEMBL5284567,CCn1cc(-c2cc(/N=C3/NC(=O)CS3)n(-c3cccc(Cl)c3)n2)c2cc(OC)ccc21,inactive
CHEMBL5281890,CCn1cc(-c2cc(/N=C3/NC(=O)CS3)n(-c3cccc(Cl)c3)n2)c2ccccc21,inactive
CHEMBL257831,CN(C)c1ccc(CC(=O)Nc2n[nH]c3ccc(N4CCCS4(=O)=O)cc23)cc1,active
CHEMBL3261546,CN(C)c1ccccc1N1C(=O)CSC1c1cccc(Br)c1,inactive
CHEMBL2316333,CN1C(=O)S/C(=C\C2=Cc3ccccc3OC2)C1=O,inactive
CHEMBL3261545,CNc1ccccc1N1C(=O)CSC1c1cccc(Br)c1,inactive
CHEMBL3261564,COC(=O)c1cccc(C2SCC(=O)N2c2ccccc2OC)c1,active
CHEMBL4294863,COc1c(/C=C2\SC(=S)NC2=O)c(NS(=O)(=O)c2cccs2)cc2c1OCO2,inactive
CHEMBL4211815,COc1cc(-c2nc3cc(/C=C4\SC(=O)N(CC(=O)N5CCCC5)C4=O)ccc3[nH]2)cc(OC)c1OC,active
CHEMBL4202441,COc1cc(-c2nc3cc(/C=C4\SC(=O)N(CC(=O)N5CCCCC5)C4=O)ccc3[nH]2)cc(OC)c1OC,active
CHEMBL4208063,COc1cc(-c2nc3cc(/C=C4\SC(=O)N(CC(=O)N5CCOCC5)C4=O)ccc3[nH]2)cc(OC)c1OC,active
CHEMBL4202950,COc1cc(-c2nc3cc(/C=C4\SC(=O)N(CC(=O)c5ccccc5)C4=O)ccc3[nH]2)cc(OC)c1OC,active
CHEMBL4205443,COc1cc(-c2nc3cc(/C=C4\SC(=O)N(Cc5cc(OC)c(OC)c(OC)c5)C4=O)ccc3[nH]2)ccc1OCC(C)C,active
CHEMBL4205346,COc1cc(-c2nc3cc(/C=C4\SC(=O)N(Cc5cccc(C)c5)C4=O)ccc3[nH]2)cc(OC)c1OC,active
CHEMBL4204692,COc1cc(-c2nc3cc(/C=C4\SC(=O)N(Cc5ccccc5)C4=O)ccc3[nH]2)cc(OC)c1OC,active
CHEMBL4214070,COc1cc(-c2nc3cc(/C=C4\SC(=O)NC4=O)ccc3[nH]2)cc(OC)c1OC,active
CHEMBL4206739,COc1cc(-c2nc3cc(/C=C4\SC(=O)NC4=O)ccc3[nH]2)ccc1OCC(C)C,active
CHEMBL2260547,COc1cc(-c2nnc(NC(=O)CC3SC(=O)NC3=O)s2)cc(OC)c1OC,inactive
CHEMBL2236300,COc1cc(/C=C2\SC(=O)N(Cc3ccc(C(=O)O)cc3)C2=O)cc(OC)c1OC,inactive
CHEMBL4514054,COc1cc(C2(O)CSC(=S)N2C)cc(OC)c1OC,inactive
CHEMBL4470641,COc1cc(C2(O)CSC(=S)N2Cc2ccc(Cl)cc2)cc(OC)c1OC,inactive
CHEMBL4546563,COc1cc(C2(O)CSC(=S)N2Cc2ccc(F)cc2)cc(OC)c1OC,inactive
CHEMBL4474040,COc1cc(C2(O)CSC(=S)N2Cc2ccccc2)cc(OC)c1OC,inactive
CHEMBL4559946,COc1cc(C2(O)CSC(=S)N2Cc2ccccc2Cl)cc(OC)c1OC,inactive
CHEMBL4218601,COc1cc(CN2C(=O)S/C(=C\c3ccc4[nH]c(-c5cc(OC)c(OC)c(OC)c5)nc4c3)C2=O)cc(OC)c1OC,active
CHEMBL4295191,COc1cc(Cn2c(/C=C3\SC(=S)N(CC(=O)O)C3=O)nc3ccccc32)cc(OC)c1,active
CHEMBL4551871,COc1cc(OC)c(-c2cn3ccc(N4CCC(N5CCCS5(=O)=O)CC4)cc3n2)cc1Cl,active
CHEMBL4210427,COc1cc(OC)c(-c2nc3cc(/C=C4\SC(=O)N(CC(=O)N5CCCCC5)C4=O)ccc3[nH]2)cc1OC,inactive
CHEMBL4215304,COc1cc(OC)c(-c2nc3cc(/C=C4\SC(=O)N(CC(=O)N5CCOCC5)C4=O)ccc3[nH]2)cc1OC,active
CHEMBL4218732,COc1cc(OC)c(-c2nc3cc(/C=C4\SC(=O)N(Cc5cccc(C)c5)C4=O)ccc3[nH]2)cc1OC,active
CHEMBL4218483,COc1cc(OC)c(-c2nc3cc(/C=C4\SC(=O)NC4=O)ccc3[nH]2)cc1OC,active
CHEMBL3794028,COc1cc([C@@H]2SCC(=O)N2NC(=O)c2cnc(C)cn2)ccc1O,inactive
CHEMBL4462008,COc1cc2c(Oc3c(F)cc(NC(=O)NN4C(=O)C(C)(C)SC4c4c(F)cccc4F)cc3F)ccnc2cc1OCCCN1CCCC1,active
CHEMBL4470627,COc1cc2c(Oc3c(F)cc(NC(=O)NN4C(=O)C(C)SC4c4c(F)cccc4F)cc3F)ccnc2cc1OCCCN1CCCC1,active
CHEMBL4552334,COc1cc2c(Oc3c(F)cc(NC(=O)NN4C(=O)CSC4c4c(F)cccc4F)cc3F)ccnc2cc1OCCCN1CCC(C)CC1,active
CHEMBL4472443,COc1cc2c(Oc3c(F)cc(NC(=O)NN4C(=O)CSC4c4c(F)cccc4F)cc3F)ccnc2cc1OCCCN1CCC(N2CCCCC2)CC1,active
CHEMBL4460068,COc1cc2c(Oc3c(F)cc(NC(=O)NN4C(=O)CSC4c4c(F)cccc4F)cc3F)ccnc2cc1OCCCN1CCCC1,active
CHEMBL4451737,COc1cc2c(Oc3c(F)cc(NC(=O)NN4C(=O)CSC4c4c(F)cccc4F)cc3F)ccnc2cc1OCCCN1CCN(C)CC1,active
CHEMBL4483794,COc1cc2c(Oc3c(F)cc(NC(=O)NN4C(=O)CSC4c4c(F)cccc4F)cc3F)ccnc2cc1OCCCN1CCc2sccc2C1,inactive
CHEMBL4522971,COc1cc2c(Oc3c(F)cc(NC(=O)NN4C(=O)CSC4c4c(F)cccc4F)cc3F)ccnc2cc1OCCCN1C[C@H]2CCCC[C@H]2C1,active
CHEMBL4468182,COc1cc2c(Oc3c(F)cc(NC(=O)NN4C(=O)CSC4c4c(F)cccc4F)cc3F)ccnc2cc1OCCN1CCC(N2CCCCC2)CC1,active
CHEMBL4437195,COc1cc2c(Oc3c(F)cc(NC(=S)NN4C(=O)CSC4c4c(F)cccc4F)cc3F)ccnc2cc1OCCCN1CCCC1,active
CHEMBL4445015,COc1cc2c(Oc3ccc(C4SCC(=O)N4NC(=O)Nc4cc(F)cc(F)c4)cc3)ccnc2cc1OCCCN1CCOCC1,active
CHEMBL4582080,COc1cc2c(Oc3ccc(C4SCC(=O)N4NC(=O)Nc4ccc(Cl)cc4)cc3)ccnc2cc1OCCCN1CCOCC1,active
CHEMBL4456688,COc1cc2c(Oc3ccc(C4SCC(=O)N4NC(=O)Nc4ccc(F)c(F)c4F)cc3)ccnc2cc1OCCCN1CCOCC1,active
CHEMBL4456494,COc1cc2c(Oc3ccc(C4SCC(=O)N4NC(=O)Nc4ccc(F)cc4)cc3)ccnc2cc1OCCCN1CCOCC1,active
CHEMBL4467951,COc1cc2c(Oc3ccc(C4SCC(=O)N4NC(=O)Nc4ccc(F)cc4F)c(Cl)c3)ccnc2cc1OCCCN1CCOCC1,active
CHEMBL4562312,COc1cc2c(Oc3ccc(C4SCC(=O)N4NC(=O)Nc4ccc(F)cc4F)c(F)c3)ccnc2cc1OCCCN1CCOCC1,active
CHEMBL4160329,COc1cc2c(Oc3ccc(C4SCC(=O)N4NC(=O)Nc4ccc(F)cc4F)cc3)ccnc2cc1OCCCN1CCOCC1,active
CHEMBL4460608,COc1cc2c(Oc3ccc(C4SCC(=O)N4NC(=O)Nc4ccc(F)cc4F)cc3Cl)ccnc2cc1OCCCN1CCOCC1,active
CHEMBL4440871,COc1cc2c(Oc3ccc(C4SCC(=O)N4NC(=O)Nc4ccc(F)cc4F)cc3F)ccnc2cc1OCCCN1CCCN(C)CC1,active
CHEMBL4446992,COc1cc2c(Oc3ccc(C4SCC(=O)N4NC(=O)Nc4ccc(F)cc4F)cc3F)ccnc2cc1OCCCN1CCN(C)CC1,active
CHEMBL4455726,COc1cc2c(Oc3ccc(C4SCC(=O)N4NC(=O)Nc4ccc(F)cc4F)cc3F)ccnc2cc1OCCCN1CCOCC1,active
CHEMBL4577182,COc1cc2c(Oc3ccc(C4SCC(=O)N4NC(=O)Nc4cccc(Cl)c4)cc3)ccnc2cc1OCCCN1CCOCC1,active
CHEMBL4442035,COc1cc2c(Oc3ccc(C4SCC(=O)N4NC(=O)Nc4ccccc4)cc3)ccnc2cc1OCCCN1CCOCC1,active
CHEMBL4550253,COc1cc2c(Oc3ccc(C4SCC(=O)N4NC(=O)Nc4ccccc4Cl)cc3)ccnc2cc1OCCCN1CCOCC1,active
CHEMBL4170935,COc1cc2c(Oc3ccc(C4SCC(=O)N4NC(=O)Nc4ccccc4F)cc3)ccnc2cc1OCCCN1CCOCC1,active
CHEMBL4586642,COc1cc2c(Oc3ccc(NC(=O)NN4C(=O)CSC4c4c(F)cccc4F)c(Cl)c3)ccnc2cc1OCCCN1CCCC1,active
CHEMBL4563995,COc1cc2c(Oc3ccc(NC(=O)NN4C(=O)CSC4c4c(F)cccc4F)c4ccccc34)ccnc2cc1OCCCN1CCCC1,active
CHEMBL4462007,COc1cc2c(Oc3ccc(NC(=O)NN4C(=O)CSC4c4c(F)cccc4F)cc3Cl)ccnc2cc1OCCCN1CCCC1,active
CHEMBL4160512,COc1cc2c(Oc3ccc(NC(=O)NN4C(=O)CSC4c4c(F)cccc4F)cc3F)ccnc2cc1OCCCN1CCCC1,active
CHEMBL4206589,COc1ccc(-c2nc3cc(/C=C4\SC(=O)N(CC(=O)N5CCOCC5)C4=O)ccc3[nH]2)cc1OC,active
CHEMBL4215478,COc1ccc(-c2nc3cc(/C=C4\SC(=O)N(CC(=O)c5ccccc5)C4=O)ccc3[nH]2)cc1OC,active
CHEMBL4206860,COc1ccc(-c2nc3cc(/C=C4\SC(=O)N(Cc5cc(OC)c(OC)c(OC)c5)C4=O)ccc3[nH]2)cc1OC,active
CHEMBL4209079,COc1ccc(-c2nc3cc(/C=C4\SC(=O)NC4=O)ccc3[nH]2)cc1OC,active
CHEMBL2260545,COc1ccc(-c2nnc(NC(=O)CC3SC(=O)NC3=O)s2)cc1,inactive
CHEMBL2260546,COc1ccc(-c2nnc(NC(=O)CC3SC(=O)NC3=O)s2)cc1OC,inactive
CHEMBL3088155,COc1ccc(/C=C2\S/C(=N\c3nc(-c4c(C)n(C)n(-c5ccccc5)c4=O)cs3)N(c3ccccc3)C2=O)cc1,active
CHEMBL2236299,COc1ccc(/C=C2\SC(=O)N(Cc3ccc(C(=O)O)cc3)C2=O)cc1,inactive
CHEMBL3098836,COc1ccc(C(=O)CN2C(=O)S/C(=C\C3=C(Cl)c4cc(C)c(C)cc4CCC3)C2=O)cc1,inactive
CHEMBL3098831,COc1ccc(C(=O)CN2C(=O)S/C(=C\C3=C(Cl)c4ccccc4CCC3)C2=O)cc1,active
CHEMBL4291331,COc1ccc(C(=O)Cn2c(/C=C3\SC(=S)N(CC(=O)O)C3=O)nc3ccccc32)cc1,active
CHEMBL3098840,COc1ccc(C(=O)CN2C(=O)CSC2=O)cc1,inactive
CHEMBL4633951,COc1ccc(C(C)(O)c2nc(N3CCSC3)nc3ccccc23)cc1,active
CHEMBL3261577,COc1ccc(CCNC(=O)c2cccc(C3SCC(=O)N3c3ccccc3OC)c2)cc1,active
CHEMBL5171269,COc1ccc(CC/N=C2\NC(=O)/C(=C3\CCNC(=O)c4[nH]c5ccccc5c43)S2)cc1,inactive
CHEMBL5185291,COc1ccc(CC/N=C2\NC(=O)/C(=C3\CCNC(=O)c4[nH]ccc43)S2)cc1,inactive
CHEMBL5172244,COc1ccc(C/N=C2\NC(=O)/C(=C3\CCNC(=O)c4[nH]c5ccccc5c43)S2)cc1,active
CHEMBL5178527,COc1ccc(C/N=C2\NC(=O)/C(=C3\CCNC(=O)c4[nH]c5ccccc5c43)S2)cc1OC,inactive
CHEMBL5195668,COc1ccc(C/N=C2\NC(=O)/C(=C3\CCNC(=O)c4[nH]ccc43)S2)cc1,inactive
CHEMBL5198775,COc1ccc(C/N=C2\NC(=O)/C(=C3\CCNC(=O)c4c3ccn4C)S2)cc1,inactive
CHEMBL3819073,COc1ccc(N2/C(=N/c3ccc(C(F)(F)F)cc3)SCC2(O)C(F)(F)F)cc1,inactive
CHEMBL3819039,COc1ccc(N2/C(=N/c3ccc(F)cc3)SCC2(O)C(F)(F)F)cc1,active
CHEMBL5419470,COc1ccc(N2C(=O)/C(=C\c3ccc([N+](=O)[O-])s3)SC2=S)cc1,inactive
CHEMBL3261538,COc1ccc(N2C(=O)CSC2c2cccc(Br)c2)c(OC)c1,inactive
CHEMBL3794067,COc1ccc([C@H]2SCC(=O)N2NC(=O)c2nccnc2N)cc1OC,inactive
CHEMBL5268780,COc1ccc2[nH]cc(-c3cc(/N=C4/NC(=O)CS4)n(-c4ccc(Cl)cc4)n3)c2c1,inactive
CHEMBL5281502,COc1ccc2[nH]cc(-c3cc(/N=C4/NC(=O)CS4)n(-c4cccc(Cl)c4)n3)c2c1,inactive
CHEMBL5279119,COc1ccc2c(c1)c(-c1cc(/N=C3/NC(=O)CS3)n(-c3ccc(Cl)cc3)n1)cn2Cc1ccccc1,inactive
CHEMBL5277522,COc1ccc2c(c1)c(-c1cc(/N=C3/NC(=O)CS3)n(-c3cccc(Cl)c3)n1)cn2C,inactive
CHEMBL4294458,COc1ccc2c(c1)nc(/C=C1\SC(=S)N(CC(=O)O)C1=O)n2Cc1ccc(C)cc1,active
CHEMBL4289575,COc1ccc2c(c1)nc(/C=C1\SC(=S)N(CC(=O)O)C1=O)n2Cc1ccccc1F,inactive
CHEMBL4283203,COc1ccc2nc(/C=C3\SC(=S)N(CC(=O)O)C3=O)n(Cc3ccc(C)cc3)c2c1,inactive
CHEMBL4287996,COc1ccc2nc(/C=C3\SC(=S)N(CC(=O)O)C3=O)n(Cc3ccccc3F)c2c1,inactive
CHEMBL4591565,COc1ccc2oc(=O)c(/C=C3\SC(=O)N(C(=O)c4ccc(Cl)cc4)C3=O)cc2c1,active
CHEMBL2260544,COc1cccc(-c2nnc(NC(=O)CC3SC(=O)NC3=O)s2)c1,inactive
CHEMBL2236298,COc1cccc(/C=C2\SC(=O)N(Cc3ccc(C(=O)O)cc3)C2=O)c1,inactive
CHEMBL3261561,COc1cccc(C2SCC(=O)N2c2ccccc2OC)c1,inactive
CHEMBL3261542,COc1cccc(N2C(=O)CSC2c2cccc(Br)c2)c1,inactive
CHEMBL2316331,COc1cccc2c1OCC(/C=C1\SC(=S)N(CC(=O)O)C1=O)=C2,inactive
CHEMBL3261557,COc1ccccc1N1C(=O)CSC1Cc1ccccc1,inactive
CHEMBL3261552,COc1ccccc1N1C(=O)CSC1c1ccc(Br)cc1,inactive
CHEMBL3261556,COc1ccccc1N1C(=O)CSC1c1ccc2ccccc2n1,inactive
CHEMBL3261541,COc1ccccc1N1C(=O)CSC1c1cccc(Br)c1,active
CHEMBL3261568,COc1ccccc1N1C(=O)CSC1c1cccc(C(=O)N2CCCCC2)c1,inactive
CHEMBL3261572,COc1ccccc1N1C(=O)CSC1c1cccc(C(=O)NCCCc2ccccc2)c1,inactive
CHEMBL3261573,COc1ccccc1N1C(=O)CSC1c1cccc(C(=O)NCCc2ccc(Br)cc2)c1,active
CHEMBL3261576,COc1ccccc1N1C(=O)CSC1c1cccc(C(=O)NCCc2ccc(Cl)cc2)c1,active
CHEMBL3261575,COc1ccccc1N1C(=O)CSC1c1cccc(C(=O)NCCc2ccc(F)cc2)c1,active
CHEMBL3261578,COc1ccccc1N1C(=O)CSC1c1cccc(C(=O)NCCc2ccc(O)cc2)c1,active
CHEMBL3261571,COc1ccccc1N1C(=O)CSC1c1cccc(C(=O)NCCc2ccccc2)c1,active
CHEMBL3261574,COc1ccccc1N1C(=O)CSC1c1cccc(C(=O)NCCc2ccccc2Br)c1,active
CHEMBL3261570,COc1ccccc1N1C(=O)CSC1c1cccc(C(=O)NCc2ccccc2)c1,active
CHEMBL3261569,COc1ccccc1N1C(=O)CSC1c1cccc(C(=O)Nc2ccccc2)c1,inactive
CHEMBL3261565,COc1ccccc1N1C(=O)CSC1c1cccc(C(=O)O)c1,inactive
CHEMBL3261563,COc1ccccc1N1C(=O)CSC1c1cccc(CBr)c1,inactive
CHEMBL3261558,COc1ccccc1N1C(=O)CSC1c1cccc(Cl)c1,active
CHEMBL3261559,COc1ccccc1N1C(=O)CSC1c1cccc(F)c1,inactive
CHEMBL3261562,COc1ccccc1N1C(=O)CSC1c1cccc(O)c1,inactive
CHEMBL3261560,COc1ccccc1N1C(=O)CSC1c1cccc([N+](=O)[O-])c1,inactive
CHEMBL3261553,COc1ccccc1N1C(=O)CSC1c1ccccc1,inactive
CHEMBL3261551,COc1ccccc1N1C(=O)CSC1c1ccccc1Br,inactive
CHEMBL3261555,COc1ccccc1N1C(=O)CSC1c1cccs1,inactive
CHEMBL3261554,COc1ccccc1N1C(=O)CSC1c1ccncc1,inactive
CHEMBL415789,CSc1ccc(CC(=O)Nc2n[nH]c3ccc(N4CCCS4(=O)=O)cc23)cc1,active
CHEMBL552054,C[C@@H]1CC2(NC(=O)CS2)[C@]2(O)O[C@@H]3C[C@@]4(CO)[C@@H](CC[C@@H]5[C@@H]4CC[C@]4(C)[C@@H](C6=CC(=O)OC6)CC[C@]54O)C[C@H]3O[C@@H]2O1,active
CHEMBL178993,C[C@@H]1C[C@@]2(NC(=O)CS2)C2(O)O[C@@H]3C[C@@]4(CO)[C@@H](CC[C@@H]5[C@@H]4CC[C@]4(C)[C@@H](C6=CC(=O)OC6)CC[C@]54CO)C[C@H]3O[C@@H]2O1,active
CHEMBL367694,C[C@@H]1C[C@@]2(NC(=O)CS2)C2(O)O[C@@H]3C[C@@]4(COC(=O)CCc5ccccc5)[C@@H](CC[C@@H]5[C@@H]4CC[C@]4(C)[C@@H](C6=CC(=O)OC6)CC[C@]54CO)C[C@H]3O[C@@H]2O1,inactive
CHEMBL175921,C[C@@H]1C[C@@]2(NC(=O)CS2)C2(O)O[C@@H]3C[C@@]4(COC(=O)c5ccccc5)[C@@H](CC[C@@H]5[C@@H]4CC[C@]4(C)[C@@H](C6=CC(=O)OC6)CC[C@]54CO)C[C@H]3O[C@@H]2O1,active
CHEMBL366970,C[C@@H]1C[C@@]2(NC(=O)CS2)C2(O)O[C@@H]3C[C@@]4(COS(C)(=O)=O)[C@@H](CC[C@@H]5[C@@H]4CC[C@]4(C)[C@@H](C6=CC(=O)OC6)CC[C@]54CO)C[C@H]3O[C@@H]2O1,active
CHEMBL434923,C[C@@H]1C[C@@]2(NC(=O)CS2)C2(O[Si](C)(C)C)O[C@@H]3C[C@@]4(CO[Si](C)(C)C)[C@@H](CC[C@@H]5[C@@H]4CC[C@]4(C)[C@@H](C6=CC(=O)OC6)CC[C@]54CO[Si](C)(C)C)C[C@H]3O[C@@H]2O1,active
CHEMBL368047,C[C@@H]1C[C@@]2(NC(=O)CS2)[C@]2(O)O[C@@H]3C[C@@]4(C=O)[C@@H](CC[C@@H]5[C@@H]4CC[C@]4(C)[C@@H](C6=CC(=O)OC6)CC[C@]54CO)C[C@H]3O[C@@H]2O1,active
CHEMBL175452,C[C@@H]1C[C@@]2(NCCS2)C2(O)O[C@@H]3C[C@@]4(CO)[C@@H](CC[C@@H]5[C@@H]4CC[C@]4(C)[C@@H](C6=CC(=O)OC6)CC[C@]54CO)C[C@H]3O[C@@H]2O1,active
CHEMBL360322,C[C@@H]1C[C@@]2(NCCS2)[C@]2(O)O[C@@H]3C[C@@]4(C=O)[C@@H](CC[C@@H]5[C@@H]4CC[C@]4(C)[C@@H](C6=CC(=O)OC6)CC[C@]54O)C[C@H]3O[C@@H]2O1,active
CHEMBL177836,C[C@@H]1C[C@@]2(N[C@@H](CC(=O)c3ccccc3)CS2)C2(O)O[C@@H]3C[C@@]4(C=O)[C@@H](CC[C@@H]5[C@@H]4CC[C@]4(C)[C@@H](C6=CC(=O)OC6)CC[C@]54CO)C[C@H]3O[C@@H]2O1,active
CHEMBL175947,C[C@@H]1C[C@@]2(N[C@@H](CC(=O)c3ccccc3)CS2)C2(O)O[C@@H]3C[C@@]4(CO)[C@@H](CC[C@@H]5[C@@H]4CC[C@]4(C)[C@@H](C6=CC(=O)OC6)CC[C@]54CO)C[C@H]3O[C@@H]2O1,active
CHEMBL433564,C[C@@H]1C[C@@]2(N[C@H](CC(=O)c3ccccc3)CS2)C2(O)O[C@@H]3C[C@@]4(C=O)[C@@H](CC[C@@H]5[C@@H]4CC[C@]4(C)[C@@H](C6=CC(=O)OC6)CC[C@]54CO)C[C@H]3O[C@@H]2O1,active
CHEMBL175946,C[C@@H]1C[C@@]2(N[C@H](CC(=O)c3ccccc3)CS2)C2(O)O[C@@H]3C[C@@]4(CO)[C@@H](CC[C@@H]5[C@@H]4CC[C@]4(C)[C@@H](C6=CC(=O)OC6)CC[C@]54CO)C[C@H]3O[C@@H]2O1,active
CHEMBL176316,C[C@@H]1C[C@@]2(N[C@H](CC(O)c3ccccc3)CS2)C2(O)O[C@@H]3C[C@@]4(CO)[C@@H](CC[C@@H]5[C@@H]4CC[C@]4(C)[C@@H](C6=CC(=O)OC6)CC[C@]54CO)C[C@H]3O[C@@H]2O1,active
CHEMBL3088153,Cc1c(-c2csc(/N=C3\S/C(=C\c4ccc(Cl)cc4)C(=O)N3c3ccccc3)n2)c(=O)n(-c2ccccc2)n1C,inactive
CHEMBL3088154,Cc1c(-c2csc(/N=C3\S/C(=C\c4ccc(N(C)C)cc4)C(=O)N3c3ccccc3)n2)c(=O)n(-c2ccccc2)n1C,inactive
CHEMBL3088152,Cc1c(-c2csc(/N=C3\S/C(=C\c4ccccc4)C(=O)N3c3ccccc3)n2)c(=O)n(-c2ccccc2)n1C,inactive
CHEMBL3088157,Cc1c(-c2csc(/N=C3\S/C(=C\c4ccco4)C(=O)N3c3ccccc3)n2)c(=O)n(-c2ccccc2)n1C,inactive
CHEMBL3088151,Cc1c(-c2csc(/N=C3\SCC(=O)N3c3ccccc3)n2)c(=O)n(-c2ccccc2)n1C,inactive
CHEMBL3098838,Cc1cc2c(cc1C)C(Cl)=C(/C=C1\SC(=O)N(CC(=O)c3ccc(Br)cc3)C1=O)CCC2,active
CHEMBL3098837,Cc1cc2c(cc1C)C(Cl)=C(/C=C1\SC(=O)N(CC(=O)c3ccc(Cl)cc3)C1=O)CCC2,active
CHEMBL3098834,Cc1cc2c(cc1C)C(Cl)=C(/C=C1\SC(=O)N(CC(=O)c3ccccc3)C1=O)CCC2,inactive
CHEMBL3098844,Cc1cc2c(cc1C)C(Cl)=C(/C=C1\SC(=O)NC1=O)CCC2,active
CHEMBL2260543,Cc1ccc(-c2nnc(NC(=O)CC3SC(=O)NC3=O)s2)cc1,inactive
CHEMBL3088156,Cc1ccc(/C=C2\S/C(=N\c3nc(-c4c(C)n(C)n(-c5ccccc5)c4=O)cs3)N(c3ccccc3)C2=O)cc1,inactive
CHEMBL2236297,Cc1ccc(/C=C2\SC(=O)N(Cc3ccc(C(=O)O)cc3)C2=O)cc1,inactive
CHEMBL3098835,Cc1ccc(C(=O)CN2C(=O)S/C(=C\C3=C(Cl)c4cc(C)c(C)cc4CCC3)C2=O)cc1,inactive
CHEMBL3098830,Cc1ccc(C(=O)CN2C(=O)S/C(=C\C3=C(Cl)c4ccccc4CCC3)C2=O)cc1,inactive
CHEMBL4288578,Cc1ccc(C(=O)Cn2c(/C=C3\SC(=S)N(CC(=O)O)C3=O)nc3ccccc32)cc1,active
CHEMBL3098839,Cc1ccc(C(=O)CN2C(=O)CSC2=O)cc1,inactive
CHEMBL256558,Cc1ccc(CC(=O)Nc2n[nH]c3ccc(N4CCCS4(=O)=O)cc23)cc1,active
CHEMBL5192072,Cc1ccc(C/N=C2\NC(=O)/C(=C3\CCNC(=O)c4[nH]c5ccccc5c43)S2)cc1,active
CHEMBL5178704,Cc1ccc(C/N=C2\NC(=O)/C(=C3\CCNC(=O)c4[nH]ccc43)S2)cc1,active
CHEMBL4280021,Cc1ccc(Cn2c(/C=C3\SC(=S)N(CC(=O)O)C3=O)nc3cc(Cl)ccc32)cc1,inactive
CHEMBL4281527,Cc1ccc(Cn2c(/C=C3\SC(=S)N(CC(=O)O)C3=O)nc3cc(F)ccc32)cc1,inactive
CHEMBL4289418,Cc1ccc(Cn2c(/C=C3\SC(=S)N(CC(=O)O)C3=O)nc3ccc(Cl)cc32)cc1,active
CHEMBL4289180,Cc1ccc(Cn2c(/C=C3\SC(=S)N(CC(=O)O)C3=O)nc3ccc(F)cc32)cc1,active
CHEMBL4293343,Cc1ccc(Cn2c(/C=C3\SC(=S)N(CC(=O)O)C3=O)nc3ccccc32)cc1,active
CHEMBL4284355,Cc1ccc(Cn2c(/C=C3\SC(=S)N(CCC(=O)O)C3=O)nc3ccccc32)cc1,active
CHEMBL4293594,Cc1ccc(Cn2c(/C=C3\SC(=S)NC3=O)nc3ccccc32)cc1,active
CHEMBL4202440,Cc1ccc(Cn2c3ccccc3c3cc(/C=C4\SC(=S)N(CC(=O)O)C4=O)ccc32)cc1,inactive
CHEMBL175716,Cc1ccc(S(=O)(=O)OC[C@]23C[C@H]4OC5(O)[C@@H](O[C@H](C)C[C@@]56NC(=O)CS6)O[C@@H]4C[C@@H]2CC[C@@H]2[C@@H]3CC[C@]3(C)[C@@H](C4=CC(=O)OC4)CC[C@]23CO)cc1,active
CHEMBL1910507,Cc1ccc2[nH]c(-c3ccccc3)c(/C=C3\SC(=O)NC3=O)c2c1,inactive
CHEMBL5281936,Cc1ccc2c(c1)C1(C(=O)N2)N2CSCC2C(c2ncc[nH]2)C1(C#N)C(=O)c1c[nH]c2ccccc12,inactive
CHEMBL3794545,Cc1cnc(C(=O)NN2C(=O)CS[C@@H]2c2ccc([N+](=O)[O-])cc2)cn1,inactive
CHEMBL3794212,Cc1cnc(C(=O)NN2C(=O)CS[C@@H]2c2cccc([N+](=O)[O-])c2)cn1,inactive
CHEMBL3792481,Cc1cnc(C(=O)NN2C(=O)CS[C@H]2c2ccc(N(C)C)cc2)cn1,inactive
CHEMBL5191669,Cn1c2c(c3ccccc31)/C(=C1\S/C(=N/Cc3ccccc3)NC1=O)CCNC2=O,inactive
CHEMBL5275849,Cn1cc(-c2cc(/N=C3/NC(=O)CS3)n(-c3ccc(C#N)cc3)n2)c2cc(Br)ccc21,inactive
CHEMBL5286267,Cn1cc(-c2cc(/N=C3/NC(=O)CS3)n(-c3ccc(C#N)cc3)n2)c2ccccc21,inactive
CHEMBL5279501,Cn1cc(-c2cc(/N=C3/NC(=O)CS3)n(-c3ccc(Cl)cc3)n2)c2cc(Br)ccc21,inactive
CHEMBL5281614,Cn1cc(-c2cc(/N=C3/NC(=O)CS3)n(-c3ccc(Cl)cc3)n2)c2ccccc21,inactive
CHEMBL5290278,Cn1cc(-c2cc(/N=C3/NC(=O)CS3)n(-c3cccc(Cl)c3)n2)c2cc(Br)ccc21,inactive
CHEMBL5271185,Cn1cc(-c2cc(/N=C3/NC(=O)CS3)n(-c3cccc(Cl)c3)n2)c2ccccc21,inactive
CHEMBL2236306,Cn1cccc1/C=C1\SC(=O)N(Cc2ccc(C(=O)O)cc2)C1=O,inactive
CHEMBL5287643,N#Cc1ccc(-n2nc(-c3c[nH]c4ccccc34)cc2/N=C2/NC(=O)CS2)cc1,inactive
CHEMBL5276285,N#Cc1ccc(-n2nc(-c3cn(Cc4ccccc4)c4ccccc34)cc2/N=C2/NC(=O)CS2)cc1,inactive
CHEMBL4281661,N#Cc1ccc(Cn2c(/C=C3\SC(=S)N(CC(=O)O)C3=O)nc3ccccc32)cc1,inactive
CHEMBL4214639,N#Cc1ccc(Cn2c3ccccc3c3cc(/C=C4\SC(=S)N(CC(=O)O)C4=O)ccc32)cc1,active
CHEMBL3792977,Nc1nccnc1C(=O)NN1C(=O)CSC1c1ccccc1,inactive
CHEMBL3098833,O=C(CN1C(=O)S/C(=C\C2=C(Cl)c3ccccc3CCC2)C1=O)c1ccc(Br)cc1,active
CHEMBL3098832,O=C(CN1C(=O)S/C(=C\C2=C(Cl)c3ccccc3CCC2)C1=O)c1ccc(Cl)cc1,inactive
CHEMBL3098829,O=C(CN1C(=O)S/C(=C\C2=C(Cl)c3ccccc3CCC2)C1=O)c1ccccc1,active
CHEMBL402759,O=C(Cc1ccc(-c2ccccc2)cc1)Nc1n[nH]c2ccc(N3CCCS3(=O)=O)cc12,active
CHEMBL254171,O=C(Cc1ccc(-c2ccncc2)cc1)Nc1n[nH]c2ccc(N3CCCS3(=O)=O)cc12,active
CHEMBL402370,O=C(Cc1ccc(Br)cc1)Nc1n[nH]c2ccc(N3CCCS3(=O)=O)cc12,active
CHEMBL402157,O=C(Cc1ccc(Cl)cc1)Nc1n[nH]c2ccc(N3CCCS3(=O)=O)cc12,active
CHEMBL258040,O=C(Cc1ccc(N2CCCCC2)cc1)Nc1n[nH]c2ccc(N3CCCS3(=O)=O)cc12,active
CHEMBL254979,O=C(Cc1ccc2ccccc2c1)Nc1n[nH]c2ccc(N3CCCS3(=O)=O)cc12,active
CHEMBL254367,O=C(Cc1cccc2ccccc12)Nc1n[nH]c2ccc(N3CCCS3(=O)=O)cc12,active
CHEMBL2260540,O=C(CC1SC(=O)NC1=O)Nc1nnc(-c2ccc(Br)cc2)s1,inactive
CHEMBL2260539,O=C(CC1SC(=O)NC1=O)Nc1nnc(-c2ccc(Cl)cc2)s1,inactive
CHEMBL2260541,O=C(CC1SC(=O)NC1=O)Nc1nnc(-c2ccc(F)cc2)s1,inactive
CHEMBL2260537,O=C(CC1SC(=O)NC1=O)Nc1nnc(-c2ccc([N+](=O)[O-])cc2)s1,inactive
CHEMBL2260536,O=C(CC1SC(=O)NC1=O)Nc1nnc(-c2cccc([N+](=O)[O-])c2)s1,inactive
CHEMBL2260548,O=C(CC1SC(=O)NC1=O)Nc1nnc(-c2ccccc2)s1,inactive
CHEMBL2260542,O=C(CC1SC(=O)NC1=O)Nc1nnc(-c2ccccc2Cl)s1,inactive
CHEMBL2260535,O=C(CC1SC(=O)NC1=O)Nc1nnc(-c2ccccc2[N+](=O)[O-])s1,inactive
CHEMBL2260538,O=C(CC1SC(=O)NC1=O)Nc1nnc(C(F)(F)F)s1,inactive
CHEMBL3098842,O=C(CN1C(=O)CSC1=O)c1ccc(Br)cc1,inactive
CHEMBL3098841,O=C(CN1C(=O)CSC1=O)c1ccc(Cl)cc1,inactive
CHEMBL1305855,O=C(CN1C(=O)CSC1=O)c1ccccc1,inactive
CHEMBL3792993,O=C(NN1C(=O)CS[C@@H]1c1ccc(Cl)cc1)c1cnccn1,inactive
CHEMBL3793789,O=C(NN1C(=O)CS[C@@H]1c1ccc([N+](=O)[O-])cc1)c1cnccn1,inactive
CHEMBL4293818,O=C(O)CCN1C(=O)/C(=C/c2nc3ccccc3n2Cc2ccccc2F)SC1=S,inactive
CHEMBL2316322,O=C(O)CN1C(=O)/C(=C/C2=Cc3cc(Br)ccc3OC2)SC1=S,inactive
CHEMBL2062759,O=C(O)CN1C(=O)/C(=C/C2=Cc3ccccc3OC2)SC1=S,inactive
CHEMBL4211412,O=C(O)CN1C(=O)/C(=C/c2ccc3c(c2)c2ccccc2n3Cc2ccc(Br)cc2)SC1=S,inactive
CHEMBL4216605,O=C(O)CN1C(=O)/C(=C/c2ccc3c(c2)c2ccccc2n3Cc2ccc(Br)cc2F)SC1=S,active
CHEMBL4202977,O=C(O)CN1C(=O)/C(=C/c2ccc3c(c2)c2ccccc2n3Cc2ccc(C(F)(F)F)cc2)SC1=S,active
CHEMBL4214462,O=C(O)CN1C(=O)/C(=C/c2ccc3c(c2)c2ccccc2n3Cc2ccc(Cl)cc2)SC1=S,inactive
CHEMBL4211169,O=C(O)CN1C(=O)/C(=C/c2ccc3c(c2)c2ccccc2n3Cc2ccc(F)c(F)c2)SC1=S,inactive
CHEMBL4206525,O=C(O)CN1C(=O)/C(=C/c2ccc3c(c2)c2ccccc2n3Cc2ccc(F)cc2)SC1=S,inactive
CHEMBL4206804,O=C(O)CN1C(=O)/C(=C/c2ccc3c(c2)c2ccccc2n3Cc2ccc(F)cc2F)SC1=S,inactive
CHEMBL4210895,O=C(O)CN1C(=O)/C(=C/c2ccc3c(c2)c2ccccc2n3Cc2ccc([N+](=O)[O-])cc2)SC1=S,active
CHEMBL4211681,O=C(O)CN1C(=O)/C(=C/c2ccc3c(c2)c2ccccc2n3Cc2cccc(F)c2)SC1=S,inactive
CHEMBL4216142,O=C(O)CN1C(=O)/C(=C/c2ccc3c(c2)c2ccccc2n3Cc2ccccc2)SC1=S,inactive
CHEMBL4218113,O=C(O)CN1C(=O)/C(=C/c2ccc3c(c2)c2ccccc2n3Cc2ccccc2F)SC1=S,inactive
CHEMBL4294646,O=C(O)CN1C(=O)/C(=C/c2nc3cc(Cl)ccc3n2Cc2ccccc2F)SC1=S,active
CHEMBL4279306,O=C(O)CN1C(=O)/C(=C/c2nc3cc(F)ccc3n2Cc2ccccc2F)SC1=S,inactive
CHEMBL4282439,O=C(O)CN1C(=O)/C(=C/c2nc3ccc(Cl)cc3n2Cc2ccccc2F)SC1=S,inactive
CHEMBL4281697,O=C(O)CN1C(=O)/C(=C/c2nc3ccc(F)cc3n2Cc2ccccc2F)SC1=S,inactive
CHEMBL4280189,O=C(O)CN1C(=O)/C(=C/c2nc3ccccc3n2CC(=O)c2ccc(Cl)cc2)SC1=S,active
CHEMBL4292940,O=C(O)CN1C(=O)/C(=C/c2nc3ccccc3n2CC(=O)c2ccc(F)cc2)SC1=S,inactive
CHEMBL4276731,O=C(O)CN1C(=O)/C(=C/c2nc3ccccc3n2Cc2ccc(Br)cc2)SC1=S,active
CHEMBL4285484,O=C(O)CN1C(=O)/C(=C/c2nc3ccccc3n2Cc2ccc(Br)cc2F)SC1=S,inactive
CHEMBL4278196,O=C(O)CN1C(=O)/C(=C/c2nc3ccccc3n2Cc2ccc(C(F)(F)F)cc2)SC1=S,inactive
CHEMBL4282734,O=C(O)CN1C(=O)/C(=C/c2nc3ccccc3n2Cc2ccc(Cl)cc2)SC1=S,inactive
CHEMBL4284533,O=C(O)CN1C(=O)/C(=C/c2nc3ccccc3n2Cc2ccc(F)c(F)c2)SC1=S,inactive
CHEMBL4285092,O=C(O)CN1C(=O)/C(=C/c2nc3ccccc3n2Cc2ccc(F)cc2)SC1=S,active
CHEMBL4286539,O=C(O)CN1C(=O)/C(=C/c2nc3ccccc3n2Cc2ccc(F)cc2F)SC1=S,inactive
CHEMBL4289545,O=C(O)CN1C(=O)/C(=C/c2nc3ccccc3n2Cc2ccc([N+](=O)[O-])cc2)SC1=S,inactive
CHEMBL4294423,O=C(O)CN1C(=O)/C(=C/c2nc3ccccc3n2Cc2cccc(F)c2)SC1=S,inactive
CHEMBL4292926,O=C(O)CN1C(=O)/C(=C/c2nc3ccccc3n2Cc2ccccc2)SC1=S,active
CHEMBL4286115,O=C(O)CN1C(=O)/C(=C/c2nc3ccccc3n2Cc2ccccc2F)SC1=S,active
CHEMBL2236295,O=C(O)c1ccc(CN2C(=O)S/C(=C\c3ccc(Br)cc3)C2=O)cc1,inactive
CHEMBL2236296,O=C(O)c1ccc(CN2C(=O)S/C(=C\c3ccc(F)cc3)C2=O)cc1,inactive
CHEMBL2236294,O=C(O)c1ccc(CN2C(=O)S/C(=C\c3ccccc3)C2=O)cc1,inactive
CHEMBL2236301,O=C(O)c1ccc(CN2C(=O)S/C(=C\c3ccccn3)C2=O)cc1,inactive
CHEMBL2236302,O=C(O)c1ccc(CN2C(=O)S/C(=C\c3cccnc3)C2=O)cc1,inactive
CHEMBL2236304,O=C(O)c1ccc(CN2C(=O)S/C(=C\c3ccco3)C2=O)cc1,inactive
CHEMBL2236305,O=C(O)c1ccc(CN2C(=O)S/C(=C\c3cccs3)C2=O)cc1,inactive
CHEMBL2236303,O=C(O)c1ccc(CN2C(=O)S/C(=C\c3ccncc3)C2=O)cc1,inactive
CHEMBL3261550,O=C1CSC(c2cccc(Br)c2)N1CCc1ccccc1,inactive
CHEMBL3261537,O=C1CSC(c2cccc(Br)c2)N1c1cc(Cl)ccc1O,active
CHEMBL3259837,O=C1CSC(c2cccc(Br)c2)N1c1ccc(O)cc1,inactive
CHEMBL3261540,O=C1CSC(c2cccc(Br)c2)N1c1cccc(O)c1,inactive
CHEMBL3261544,O=C1CSC(c2cccc(Br)c2)N1c1cccc([N+](=O)[O-])c1,inactive
CHEMBL3261547,O=C1CSC(c2cccc(Br)c2)N1c1ccccc1,inactive
CHEMBL3261539,O=C1CSC(c2cccc(Br)c2)N1c1ccccc1O,inactive
CHEMBL3261549,O=C1CSC(c2cccc(Br)c2)N1c1ncccn1,inactive
CHEMBL3261548,O=C1CSC(c2cccc(Br)c2)N1c1nccs1,inactive
CHEMBL3793867,O=C1NC(=S)S/C1=C1\C(=O)Nc2ccc(Br)cc21,inactive
CHEMBL1213862,O=C1NC(=O)/C(=C2/C(=O)Nc3ccccc32)S1,inactive
CHEMBL1213806,O=C1NC(=S)S/C1=C1\C(=O)Nc2ccccc21,inactive
CHEMBL3098843,O=C1NC(=O)/C(=C/C2=C(Cl)c3ccccc3CCC2)S1,inactive
CHEMBL2316319,O=C1NC(=O)/C(=C/C2=Cc3cc(Br)ccc3OC2)S1,inactive
CHEMBL2316334,O=C1NC(=O)/C(=C/C2=Cc3ccccc3OC2)S1,inactive
CHEMBL4763026,O=C1NC(=O)/C(=C/c2ccc(-c3nc4c5ccccc5c5ccccc5c4[nH]3)cc2)S1,active
CHEMBL5174358,O=C1NC(=O)/C(=C\c2ccc(OCC(=O)N3N=C(c4ccc(F)cc4)CC3c3ccco3)cc2)S1,inactive
CHEMBL1910508,O=C1NC(=O)/C(=C/c2c(-c3ccccc3)[nH]c3ccc(Cl)cc23)S1,active
CHEMBL1910509,O=C1NC(=O)/C(=C/c2c[nH]c3ccccc23)S1,inactive
CHEMBL2316320,O=C1NC(=S)S/C1=C\C1=Cc2cc(Br)ccc2OC1,inactive
CHEMBL2062729,O=C1NC(=S)S/C1=C\C1=Cc2ccccc2OC1,inactive
CHEMBL4286746,O=C1NC(=S)S/C1=C\c1nc2ccccc2n1Cc1ccccc1F,inactive
CHEMBL5195245,O=C1N/C(=N\CCc2ccc(F)cc2)S/C1=C1/CCNC(=O)c2[nH]c3ccccc3c21,inactive
CHEMBL5207059,O=C1N/C(=N\CCc2ccccc2)S/C1=C1/CCNC(=O)c2[nH]ccc21,inactive
CHEMBL5171416,O=C1N/C(=N\Cc2ccc(C(F)(F)F)cc2)S/C1=C1/CCNC(=O)c2[nH]ccc21,inactive
CHEMBL5203461,O=C1N/C(=N\Cc2ccc(Cl)cc2)S/C1=C1/CCNC(=O)c2[nH]c3ccccc3c21,inactive
CHEMBL5205392,O=C1N/C(=N\Cc2ccc(Cl)cc2)S/C1=C1/CCNC(=O)c2[nH]ccc21,inactive
CHEMBL5177994,O=C1N/C(=N\Cc2ccc(F)cc2)S/C1=C1/CCNC(=O)c2[nH]c3ccccc3c21,inactive
CHEMBL5188571,O=C1N/C(=N\Cc2ccc(F)cc2)S/C1=C1/CCNC(=O)c2[nH]ccc21,inactive
CHEMBL5198740,O=C1N/C(=N\Cc2ccc3c(c2)OCO3)S/C1=C1/CCNC(=O)c2[nH]c3ccccc3c21,inactive
CHEMBL5204335,O=C1N/C(=N\Cc2ccc3c(c2)OCO3)S/C1=C1/CCNC(=O)c2[nH]ccc21,inactive
CHEMBL5178393,O=C1N/C(=N\Cc2cccc(Cl)c2)S/C1=C1/CCNC(=O)c2[nH]c3ccccc3c21,inactive
CHEMBL5185164,O=C1N/C(=N\Cc2cccc(Cl)c2)S/C1=C1/CCNC(=O)c2[nH]ccc21,inactive
CHEMBL5203351,O=C1N/C(=N\Cc2ccccc2)S/C1=C1/CCNC(=O)c2[nH]c3ccccc3c21,inactive
CHEMBL5190348,O=C1N/C(=N\Cc2ccccc2)S/C1=C1/CCNC(=O)c2[nH]ccc21,inactive
CHEMBL5208702,O=C1N/C(=N\Cc2ccccc2Cl)S/C1=C1/CCNC(=O)c2[nH]ccc21,inactive
CHEMBL3818378,OC1(C(F)(F)F)CS/C(=N\c2ccc(C(F)(F)F)cc2)N1CCc1ccccn1,inactive
CHEMBL3818585,OC1(C(F)(F)F)CS/C(=N\c2ccc(C(F)(F)F)cc2)N1Cc1ccco1,inactive
CHEMBL3818184,OC1(C(F)(F)F)CS/C(=N\c2ccc(Cl)c(C(F)(F)F)c2)N1CCN1CCOCC1,active
CHEMBL3819049,OC1(C(F)(F)F)CS/C(=N\c2ccc(Cl)c(C(F)(F)F)c2)N1CCc1ccccn1,active
CHEMBL3818847,OC1(C(F)(F)F)CS/C(=N\c2ccc(Cl)c(C(F)(F)F)c2)N1Cc1ccco1,active
CHEMBL3818356,OC1(C(F)(F)F)CS/C(=N\c2ccc(Cl)c(C(F)(F)F)c2)N1Cc1cccs1,active
CHEMBL3819179,OC1(C(F)(F)F)CS/C(=N\c2ccc(F)c(Cl)c2)N1c1ccccc1,inactive
CHEMBL3818236,OC1(C(F)(F)F)CS/C(=N\c2ccc(F)cc2)N1c1ccc(F)cc1,inactive
CHEMBL3819000,OC1(C(F)(F)F)CS/C(=N\c2ccc(F)cc2)N1c1ccccc1,inactive
CHEMBL3819214,OC1(C(F)(F)F)CS/C(=N\c2cccc(C(F)(F)F)c2)N1c1cccc(C(F)(F)F)c1,active
CHEMBL3818276,OC1(C(F)(F)F)CS/C(=N\c2ccccc2)N1C1CC1,inactive
CHEMBL3818562,OC1(C(F)(F)F)CS/C(=N\c2ccccc2)N1C1CCCCC1,inactive
CHEMBL3818785,OC1(C(F)(F)F)CS/C(=N\c2ccccc2)N1CCN1CCOCC1,inactive
CHEMBL3819623,OC1(C(F)(F)F)CS/C(=N\c2ccccc2)N1CCc1c[nH]c2ccccc12,inactive
CHEMBL3819067,OC1(C(F)(F)F)CS/C(=N\c2ccccc2)N1CCc1ccccn1,inactive
CHEMBL3818724,OC1(C(F)(F)F)CS/C(=N\c2ccccc2)N1Cc1ccco1,active
CHEMBL3819418,OC1(C(F)(F)F)CS/C(=N\c2ccccc2)N1Cc1cccs1,inactive
CHEMBL3818517,OC1(C(F)(F)F)CS/C(=N\c2ccccc2)N1c1ccccc1,inactive
CHEMBL5273181,O=C1CS/C(=N\c2cc(-c3c[nH]c4ccccc34)nn2-c2ccc(Cl)cc2)N1,inactive
CHEMBL5289262,O=C1CS/C(=N\c2cc(-c3c[nH]c4ccccc34)nn2-c2cccc(Cl)c2)N1,inactive
CHEMBL5269501,O=C1CS/C(=N\c2cc(-c3c[nH]c4ccccc34)nn2-c2ccccc2)N1,inactive
CHEMBL5275057,O=C1CS/C(=N\c2cc(-c3cn(Cc4ccccc4)c4ccccc34)nn2-c2ccc(Cl)cc2)N1,inactive
CHEMBL5278629,O=C1CS/C(=N\c2cc(-c3cn(Cc4ccccc4)c4ccccc34)nn2-c2cccc(Cl)c2)N1,inactive
