ChEMBL_ID,canonical_smiles,activity_flag
CHEMBL4294646,O=C(O)CN1C(=O)/C(=C/c2nc3cc(Cl)ccc3n2Cc2ccccc2F)SC1=S,active
CHEMBL4293594,Cc1ccc(Cn2c(/C=C3\SC(=S)NC3=O)nc3ccccc32)cc1,active
CHEMBL5192712,CC1=C(O)C(=O)C=C2C1=CC=C1[C@@]2(C)CC[C@@]2(C)[C@@H]3C[C@](C)(C(=O)N4CCN(C(=O)CN5C(=O)S/C(=C\c6ccc7c(c6)OCO7)C5=O)CC4)CC[C@]3(C)CC[C@]12C,active
CHEMBL5172244,COc1ccc(C/N=C2\NC(=O)/C(=C3\CCNC(=O)c4[nH]c5ccccc5c43)S2)cc1,active
CHEMBL2316329,CC1Oc2ccc(Br)cc2C=C1/C=C1\SC(=S)N(CC(=O)O)C1=O,inactive
CHEMBL363555,CCOc1ccc(/C=C2\SC(=O)N(CCN)C2=O)cc1,inactive
CHEMBL4292926,O=C(O)CN1C(=O)/C(=C/c2nc3ccccc3n2Cc2ccccc2)SC1=S,active
CHEMBL4591565,COc1ccc2oc(=O)c(/C=C3\SC(=O)N(C(=O)c4ccc(Cl)cc4)C3=O)cc2c1,active
CHEMBL3792481,Cc1cnc(C(=O)NN2C(=O)CS[C@H]2c2ccc(N(C)C)cc2)cn1,active
CHEMBL4585340,CCN1CCN(CCCOc2cc3nccc(Oc4ccc(C5SCC(=O)N5NC(=O)Nc5ccc(F)cc5F)cc4F)c3cc2OC)CC1,active
CHEMBL4442035,COc1cc2c(Oc3ccc(C4SCC(=O)N4NC(=O)Nc4ccccc4)cc3)ccnc2cc1OCCCN1CCOCC1,active
CHEMBL4284355,Cc1ccc(Cn2c(/C=C3\SC(=S)N(CCC(=O)O)C3=O)nc3ccccc32)cc1,active
CHEMBL3794067,COc1ccc([C@H]2SCC(=O)N2NC(=O)c2nccnc2N)cc1OC,active
CHEMBL4218483,COc1cc(OC)c(-c2nc3cc(/C=C4\SC(=O)NC4=O)ccc3[nH]2)cc1OC,active
CHEMBL3098830,Cc1ccc(C(=O)CN2C(=O)S/C(=C\C3=C(Cl)c4ccccc4CCC3)C2=O)cc1,inactive
CHEMBL4202950,COc1cc(-c2nc3cc(/C=C4\SC(=O)N(CC(=O)c5ccccc5)C4=O)ccc3[nH]2)cc(OC)c1OC,active
CHEMBL4289418,Cc1ccc(Cn2c(/C=C3\SC(=S)N(CC(=O)O)C3=O)nc3ccc(Cl)cc32)cc1,active
CHEMBL4211815,COc1cc(-c2nc3cc(/C=C4\SC(=O)N(CC(=O)N5CCCC5)C4=O)ccc3[nH]2)cc(OC)c1OC,active
CHEMBL4550253,COc1cc2c(Oc3ccc(C4SCC(=O)N4NC(=O)Nc4ccccc4Cl)cc3)ccnc2cc1OCCCN1CCOCC1,active
CHEMBL4460608,COc1cc2c(Oc3ccc(C4SCC(=O)N4NC(=O)Nc4ccc(F)cc4F)cc3Cl)ccnc2cc1OCCCN1CCOCC1,active
CHEMBL3098836,COc1ccc(C(=O)CN2C(=O)S/C(=C\C3=C(Cl)c4cc(C)c(C)cc4CCC3)C2=O)cc1,inactive
CHEMBL4472209,CCN(CC)CCCOc1cc2nccc(Oc3c(F)cc(NC(=O)NN4C(=O)CSC4c4c(F)cccc4F)cc3F)c2cc1OC,active
CHEMBL4276731,O=C(O)CN1C(=O)/C(=C/c2nc3ccccc3n2Cc2ccc(Br)cc2)SC1=S,active
CHEMBL3793638,CCOc1cc([C@@H]2SCC(=O)N2NC(=O)c2cnc(C)cn2)ccc1O,active
CHEMBL4206739,COc1cc(-c2nc3cc(/C=C4\SC(=O)NC4=O)ccc3[nH]2)ccc1OCC(C)C,active
CHEMBL5192072,Cc1ccc(C/N=C2\NC(=O)/C(=C3\CCNC(=O)c4[nH]c5ccccc5c43)S2)cc1,active
CHEMBL565219,C=CCc1cc(/C=C2\SC(=O)NC2=O)c(O)c(-c2ccc(O)c(CC=C)c2)c1,inactive
CHEMBL4281869,CCn1c(/C=C2\SC(=S)N(CC(=O)O)C2=O)nc2ccccc21,active
CHEMBL4763026,O=C1NC(=O)/C(=C/c2ccc(-c3nc4c5ccccc5c5ccccc5c4[nH]3)cc2)S1,active
CHEMBL4577182,COc1cc2c(Oc3ccc(C4SCC(=O)N4NC(=O)Nc4cccc(Cl)c4)cc3)ccnc2cc1OCCCN1CCOCC1,active
CHEMBL262615,CCOc1ccc(/C=C2/SC(=O)N(CCN)C2=O)cc1,inactive
CHEMBL3794212,Cc1cnc(C(=O)NN2C(=O)CS[C@@H]2c2cccc([N+](=O)[O-])c2)cn1,active
CHEMBL360496,CC(=O)OC[C@]12C[C@H]3OC4(O)[C@@H](O[C@H](C)C[C@@]45NC(=O)CS5)O[C@@H]3C[C@@H]1CC[C@@H]1[C@@H]2CC[C@]2(C)[C@@H](C3=CC(=O)OC3)CC[C@]12CO,active
CHEMBL175921,C[C@@H]1C[C@@]2(NC(=O)CS2)C2(O)O[C@@H]3C[C@@]4(COC(=O)c5ccccc5)[C@@H](CC[C@@H]5[C@@H]4CC[C@]4(C)[C@@H](C6=CC(=O)OC6)CC[C@]54CO)C[C@H]3O[C@@H]2O1,active
CHEMBL4216605,O=C(O)CN1C(=O)/C(=C/c2ccc3c(c2)c2ccccc2n3Cc2ccc(Br)cc2F)SC1=S,active
CHEMBL1213862,O=C1NC(=O)/C(=C2/C(=O)Nc3ccccc32)S1,inactive
CHEMBL3098841,O=C(CN1C(=O)CSC1=O)c1ccc(Cl)cc1,inactive
CHEMBL3098839,Cc1ccc(C(=O)CN2C(=O)CSC2=O)cc1,inactive
CHEMBL5196368,CC1=C(O)C(=O)C=C2C1=CC=C1[C@@]2(C)CC[C@@]2(C)[C@@H]3C[C@](C)(C(=O)N4CCN(C(=O)CN5C(=O)S/C(=C\c6ccco6)C5=O)CC4)CC[C@]3(C)CC[C@]12C,active
CHEMBL3098831,COc1ccc(C(=O)CN2C(=O)S/C(=C\C3=C(Cl)c4ccccc4CCC3)C2=O)cc1,active
CHEMBL4209079,COc1ccc(-c2nc3cc(/C=C4\SC(=O)NC4=O)ccc3[nH]2)cc1OC,active
CHEMBL3261573,COc1ccccc1N1C(=O)CSC1c1cccc(C(=O)NCCc2ccc(Br)cc2)c1,active
CHEMBL4445015,COc1cc2c(Oc3ccc(C4SCC(=O)N4NC(=O)Nc4cc(F)cc(F)c4)cc3)ccnc2cc1OCCCN1CCOCC1,active
CHEMBL4467951,COc1cc2c(Oc3ccc(C4SCC(=O)N4NC(=O)Nc4ccc(F)cc4F)c(Cl)c3)ccnc2cc1OCCCN1CCOCC1,active
CHEMBL175716,Cc1ccc(S(=O)(=O)OC[C@]23C[C@H]4OC5(O)[C@@H](O[C@H](C)C[C@@]56NC(=O)CS6)O[C@@H]4C[C@@H]2CC[C@@H]2[C@@H]3CC[C@]3(C)[C@@H](C4=CC(=O)OC4)CC[C@]23CO)cc1,active
CHEMBL4562312,COc1cc2c(Oc3ccc(C4SCC(=O)N4NC(=O)Nc4ccc(F)cc4F)c(F)c3)ccnc2cc1OCCCN1CCOCC1,active
CHEMBL3261578,COc1ccccc1N1C(=O)CSC1c1cccc(C(=O)NCCc2ccc(O)cc2)c1,active
CHEMBL3261541,COc1ccccc1N1C(=O)CSC1c1cccc(Br)c1,active
CHEMBL2316318,CCN1C(=O)S/C(=C\C2=Cc3ccccc3OC2)C1=O,inactive
CHEMBL3792993,O=C(NN1C(=O)CS[C@@H]1c1ccc(Cl)cc1)c1cnccn1,active
CHEMBL3098832,O=C(CN1C(=O)S/C(=C\C2=C(Cl)c3ccccc3CCC2)C1=O)c1ccc(Cl)cc1,inactive
CHEMBL4456494,COc1cc2c(Oc3ccc(C4SCC(=O)N4NC(=O)Nc4ccc(F)cc4)cc3)ccnc2cc1OCCCN1CCOCC1,active
CHEMBL4455726,COc1cc2c(Oc3ccc(C4SCC(=O)N4NC(=O)Nc4ccc(F)cc4F)cc3F)ccnc2cc1OCCCN1CCOCC1,active
CHEMBL3792977,Nc1nccnc1C(=O)NN1C(=O)CSC1c1ccccc1,active
CHEMBL1910509,O=C1NC(=O)/C(=C/c2c[nH]c3ccccc23)S1,inactive
CHEMBL368047,C[C@@H]1C[C@@]2(NC(=O)CS2)[C@]2(O)O[C@@H]3C[C@@]4(C=O)[C@@H](CC[C@@H]5[C@@H]4CC[C@]4(C)[C@@H](C6=CC(=O)OC6)CC[C@]54CO)C[C@H]3O[C@@H]2O1,active
CHEMBL3088155,COc1ccc(/C=C2\S/C(=N\c3nc(-c4c(C)n(C)n(-c5ccccc5)c4=O)cs3)N(c3ccccc3)C2=O)cc1,active
CHEMBL4483794,COc1cc2c(Oc3c(F)cc(NC(=O)NN4C(=O)CSC4c4c(F)cccc4F)cc3F)ccnc2cc1OCCCN1CCc2sccc2C1,inactive
CHEMBL3794581,CCOc1cc([C@H]2SCC(=O)N2NC(=O)c2nccnc2N)ccc1O,active
CHEMBL4462007,COc1cc2c(Oc3ccc(NC(=O)NN4C(=O)CSC4c4c(F)cccc4F)cc3Cl)ccnc2cc1OCCCN1CCCC1,active
CHEMBL4451737,COc1cc2c(Oc3c(F)cc(NC(=O)NN4C(=O)CSC4c4c(F)cccc4F)cc3F)ccnc2cc1OCCCN1CCN(C)CC1,active
CHEMBL175769,CC(=O)CCC(=O)OC[C@]12C[C@H]3OC4(O)[C@@H](O[C@H](C)C[C@@]45NC(=O)CS5)O[C@@H]3C[C@@H]1CC[C@@H]1[C@@H]2CC[C@]2(C)[C@@H](C3=CC(=O)OC3)CC[C@]12CO,active
CHEMBL3098844,Cc1cc2c(cc1C)C(Cl)=C(/C=C1\SC(=O)NC1=O)CCC2,active
CHEMBL3261576,COc1ccccc1N1C(=O)CSC1c1cccc(C(=O)NCCc2ccc(Cl)cc2)c1,active
CHEMBL3261564,COC(=O)c1cccc(C2SCC(=O)N2c2ccccc2OC)c1,active
CHEMBL4293343,Cc1ccc(Cn2c(/C=C3\SC(=S)N(CC(=O)O)C3=O)nc3ccccc32)cc1,active
CHEMBL4160329,COc1cc2c(Oc3ccc(C4SCC(=O)N4NC(=O)Nc4ccc(F)cc4F)cc3)ccnc2cc1OCCCN1CCOCC1,active
CHEMBL4582080,COc1cc2c(Oc3ccc(C4SCC(=O)N4NC(=O)Nc4ccc(Cl)cc4)cc3)ccnc2cc1OCCCN1CCOCC1,active
CHEMBL4472443,COc1cc2c(Oc3c(F)cc(NC(=O)NN4C(=O)CSC4c4c(F)cccc4F)cc3F)ccnc2cc1OCCCN1CCC(N2CCCCC2)CC1,active
CHEMBL4522971,COc1cc2c(Oc3c(F)cc(NC(=O)NN4C(=O)CSC4c4c(F)cccc4F)cc3F)ccnc2cc1OCCCN1C[C@H]2CCCC[C@H]2C1,active
CHEMBL1213806,O=C1NC(=S)S/C1=C1\C(=O)Nc2ccccc21,inactive
CHEMBL4215478,COc1ccc(-c2nc3cc(/C=C4\SC(=O)N(CC(=O)c5ccccc5)C4=O)ccc3[nH]2)cc1OC,active
CHEMBL4291623,C=C1C(=O)[C@]23[C@H](O)[C@H]1C[C@H](O)[C@H]2[C@]12CCCC(C)(C)[C@H]1C[C@H]3O[C@@H]2OCCCn1cc(CN2C(=O)SC(=C(C)C)C2=O)nn1,active
CHEMBL3794545,Cc1cnc(C(=O)NN2C(=O)CS[C@@H]2c2ccc([N+](=O)[O-])cc2)cn1,active
CHEMBL3261558,COc1ccccc1N1C(=O)CSC1c1cccc(Cl)c1,active
CHEMBL4280306,C=C1C(=O)[C@]23[C@H](O)[C@H]1C[C@H](O)[C@H]2[C@]12CCCC(C)(C)[C@H]1C[C@H]3O[C@@H]2OCCCn1cc(CN2C(=O)S/C(=C/CCCCC)C2=O)nn1,active
CHEMBL4294458,COc1ccc2c(c1)nc(/C=C1\SC(=S)N(CC(=O)O)C1=O)n2Cc1ccc(C)cc1,active
CHEMBL4286115,O=C(O)CN1C(=O)/C(=C/c2nc3ccccc3n2Cc2ccccc2F)SC1=S,active
CHEMBL4285092,O=C(O)CN1C(=O)/C(=C/c2nc3ccccc3n2Cc2ccc(F)cc2)SC1=S,active
CHEMBL4291331,COc1ccc(C(=O)Cn2c(/C=C3\SC(=S)N(CC(=O)O)C3=O)nc3ccccc32)cc1,active
CHEMBL4288578,Cc1ccc(C(=O)Cn2c(/C=C3\SC(=S)N(CC(=O)O)C3=O)nc3ccccc32)cc1,active
CHEMBL4294863,COc1c(/C=C2\SC(=S)NC2=O)c(NS(=O)(=O)c2cccs2)cc2c1OCO2,inactive
CHEMBL4283758,C=C1C(=O)[C@]23[C@H](O)[C@H]1C[C@H](O)[C@H]2[C@]12CCCC(C)(C)[C@H]1C[C@H]3O[C@@H]2OCCCn1cc(CN2C(=O)S/C(=C/C)C2=O)nn1,active
CHEMBL175719,CC(O)CCC(=O)OC[C@]12C[C@H]3OC4(O)[C@@H](O[C@H](C)C[C@@]45NC(=O)CS5)O[C@@H]3C[C@@H]1CC[C@@H]1[C@@H]2CC[C@]2(C)[C@@H](C3=CC(=O)OC3)CC[C@]12CO,active
CHEMBL4214639,N#Cc1ccc(Cn2c3ccccc3c3cc(/C=C4\SC(=S)N(CC(=O)O)C4=O)ccc32)cc1,active
CHEMBL3098837,Cc1cc2c(cc1C)C(Cl)=C(/C=C1\SC(=O)N(CC(=O)c3ccc(Cl)cc3)C1=O)CCC2,active
CHEMBL4210895,O=C(O)CN1C(=O)/C(=C/c2ccc3c(c2)c2ccccc2n3Cc2ccc([N+](=O)[O-])cc2)SC1=S,active
CHEMBL2316324,CC1Oc2ccc(Br)cc2C=C1/C=C1\SC(=S)NC1=O,inactive
CHEMBL5170428,CC1=C(O)C(=O)C=C2C1=CC=C1[C@@]2(C)CC[C@@]2(C)[C@@H]3C[C@](C)(C(=O)N4CCN(C(=O)CN5C(=O)CSC5=O)CC4)CC[C@]3(C)CC[C@]12C,active
CHEMBL3261537,O=C1CSC(c2cccc(Br)c2)N1c1cc(Cl)ccc1O,active
CHEMBL4295191,COc1cc(Cn2c(/C=C3\SC(=S)N(CC(=O)O)C3=O)nc3ccccc32)cc(OC)c1,active
CHEMBL4204692,COc1cc(-c2nc3cc(/C=C4\SC(=O)N(Cc5ccccc5)C4=O)ccc3[nH]2)cc(OC)c1OC,active
CHEMBL4208063,COc1cc(-c2nc3cc(/C=C4\SC(=O)N(CC(=O)N5CCOCC5)C4=O)ccc3[nH]2)cc(OC)c1OC,active
CHEMBL4446992,COc1cc2c(Oc3ccc(C4SCC(=O)N4NC(=O)Nc4ccc(F)cc4F)cc3F)ccnc2cc1OCCCN1CCN(C)CC1,active
CHEMBL4218601,COc1cc(CN2C(=O)S/C(=C\c3ccc4[nH]c(-c5cc(OC)c(OC)c(OC)c5)nc4c3)C2=O)cc(OC)c1OC,active
CHEMBL4460407,CCN1CCN(CCCCOc2cc3nccc(Oc4c(F)cc(NC(=O)NN5C(=O)CSC5c5c(F)cccc5F)cc4F)c3cc2OC)CC1,active
CHEMBL5173685,CC1=C(O)C(=O)C=C2C1=CC=C1[C@@]2(C)CC[C@@]2(C)[C@@H]3C[C@](C)(C(=O)N4CCN(C(=O)CN5C(=O)S/C(=C\C(C)C)C5=O)CC4)CC[C@]3(C)CC[C@]12C,active
CHEMBL4470627,COc1cc2c(Oc3c(F)cc(NC(=O)NN4C(=O)C(C)SC4c4c(F)cccc4F)cc3F)ccnc2cc1OCCCN1CCCC1,active
CHEMBL4552334,COc1cc2c(Oc3c(F)cc(NC(=O)NN4C(=O)CSC4c4c(F)cccc4F)cc3F)ccnc2cc1OCCCN1CCC(C)CC1,active
CHEMBL4218732,COc1cc(OC)c(-c2nc3cc(/C=C4\SC(=O)N(Cc5cccc(C)c5)C4=O)ccc3[nH]2)cc1OC,active
CHEMBL4280189,O=C(O)CN1C(=O)/C(=C/c2nc3ccccc3n2CC(=O)c2ccc(Cl)cc2)SC1=S,active
CHEMBL4295041,C=C1C(=O)[C@]23[C@H](O)[C@H]1C[C@H](O)[C@H]2[C@]12CCCC(C)(C)[C@H]1C[C@H]3O[C@@H]2OCCCn1cc(CN2C(=O)S/C(=C/CC)C2=O)nn1,active
CHEMBL4437195,COc1cc2c(Oc3c(F)cc(NC(=S)NN4C(=O)CSC4c4c(F)cccc4F)cc3F)ccnc2cc1OCCCN1CCCC1,active
CHEMBL5178704,Cc1ccc(C/N=C2\NC(=O)/C(=C3\CCNC(=O)c4[nH]ccc43)S2)cc1,active
CHEMBL1910508,O=C1NC(=O)/C(=C/c2c(-c3ccccc3)[nH]c3ccc(Cl)cc23)S1,active
CHEMBL3794028,COc1cc([C@@H]2SCC(=O)N2NC(=O)c2cnc(C)cn2)ccc1O,active
CHEMBL3098834,Cc1cc2c(cc1C)C(Cl)=C(/C=C1\SC(=O)N(CC(=O)c3ccccc3)C1=O)CCC2,inactive
CHEMBL434923,C[C@@H]1C[C@@]2(NC(=O)CS2)C2(O[Si](C)(C)C)O[C@@H]3C[C@@]4(CO[Si](C)(C)C)[C@@H](CC[C@@H]5[C@@H]4CC[C@]4(C)[C@@H](C6=CC(=O)OC6)CC[C@]54CO[Si](C)(C)C)C[C@H]3O[C@@H]2O1,active
CHEMBL2316333,CN1C(=O)S/C(=C\C2=Cc3ccccc3OC2)C1=O,inactive
CHEMBL3261570,COc1ccccc1N1C(=O)CSC1c1cccc(C(=O)NCc2ccccc2)c1,active
CHEMBL3261574,COc1ccccc1N1C(=O)CSC1c1cccc(C(=O)NCCc2ccccc2Br)c1,active
CHEMBL4468182,COc1cc2c(Oc3c(F)cc(NC(=O)NN4C(=O)CSC4c4c(F)cccc4F)cc3F)ccnc2cc1OCCN1CCC(N2CCCCC2)CC1,active
CHEMBL4289180,Cc1ccc(Cn2c(/C=C3\SC(=S)N(CC(=O)O)C3=O)nc3ccc(F)cc32)cc1,active
CHEMBL4205346,COc1cc(-c2nc3cc(/C=C4\SC(=O)N(Cc5cccc(C)c5)C4=O)ccc3[nH]2)cc(OC)c1OC,active
CHEMBL3098833,O=C(CN1C(=O)S/C(=C\C2=C(Cl)c3ccccc3CCC2)C1=O)c1ccc(Br)cc1,active
CHEMBL558653,C=CCc1ccc(O)c(-c2cc(/C=C3\SC(=O)NC3=O)c(O)c(CC=C)c2)c1,inactive
CHEMBL2316323,CC1Oc2ccc(Br)cc2C=C1/C=C1\SC(=O)NC1=O,inactive
CHEMBL560335,C=CCc1cc(/C=C2\SC(=O)NC2=O)c(O)c(-c2cc(/C=C3\SC(=O)NC3=O)c(O)c(CC=C)c2)c1,inactive
CHEMBL3098829,O=C(CN1C(=O)S/C(=C\C2=C(Cl)c3ccccc3CCC2)C1=O)c1ccccc1,active
CHEMBL3098840,COc1ccc(C(=O)CN2C(=O)CSC2=O)cc1,inactive
CHEMBL3098835,Cc1ccc(C(=O)CN2C(=O)S/C(=C\C3=C(Cl)c4cc(C)c(C)cc4CCC3)C2=O)cc1,inactive
CHEMBL1305855,O=C(CN1C(=O)CSC1=O)c1ccccc1,inactive
CHEMBL4584914,CCN1CCN(CCOc2cc3nccc(Oc4c(F)cc(NC(=O)NN5C(=O)CSC5c5c(F)cccc5F)cc4F)c3cc2OC)CC1,active
CHEMBL4460068,COc1cc2c(Oc3c(F)cc(NC(=O)NN4C(=O)CSC4c4c(F)cccc4F)cc3F)ccnc2cc1OCCCN1CCCC1,active
CHEMBL3261571,COc1ccccc1N1C(=O)CSC1c1cccc(C(=O)NCCc2ccccc2)c1,active
CHEMBL1910507,Cc1ccc2[nH]c(-c3ccccc3)c(/C=C3\SC(=O)NC3=O)c2c1,inactive
CHEMBL552054,C[C@@H]1CC2(NC(=O)CS2)[C@]2(O)O[C@@H]3C[C@@]4(CO)[C@@H](CC[C@@H]5[C@@H]4CC[C@]4(C)[C@@H](C6=CC(=O)OC6)CC[C@]54O)C[C@H]3O[C@@H]2O1,active
CHEMBL4586642,COc1cc2c(Oc3ccc(NC(=O)NN4C(=O)CSC4c4c(F)cccc4F)c(Cl)c3)ccnc2cc1OCCCN1CCCC1,active
CHEMBL366970,C[C@@H]1C[C@@]2(NC(=O)CS2)C2(O)O[C@@H]3C[C@@]4(COS(C)(=O)=O)[C@@H](CC[C@@H]5[C@@H]4CC[C@]4(C)[C@@H](C6=CC(=O)OC6)CC[C@]54CO)C[C@H]3O[C@@H]2O1,active
CHEMBL4215304,COc1cc(OC)c(-c2nc3cc(/C=C4\SC(=O)N(CC(=O)N5CCOCC5)C4=O)ccc3[nH]2)cc1OC,active
CHEMBL3261577,COc1ccc(CCNC(=O)c2cccc(C3SCC(=O)N3c3ccccc3OC)c2)cc1,active
CHEMBL178993,C[C@@H]1C[C@@]2(NC(=O)CS2)C2(O)O[C@@H]3C[C@@]4(CO)[C@@H](CC[C@@H]5[C@@H]4CC[C@]4(C)[C@@H](C6=CC(=O)OC6)CC[C@]54CO)C[C@H]3O[C@@H]2O1,active
CHEMBL3098843,O=C1NC(=O)/C(=C/C2=C(Cl)c3ccccc3CCC2)S1,inactive
CHEMBL2062759,O=C(O)CN1C(=O)/C(=C/C2=Cc3ccccc3OC2)SC1=S,inactive
CHEMBL3098838,Cc1cc2c(cc1C)C(Cl)=C(/C=C1\SC(=O)N(CC(=O)c3ccc(Br)cc3)C1=O)CCC2,active
CHEMBL4462008,COc1cc2c(Oc3c(F)cc(NC(=O)NN4C(=O)C(C)(C)SC4c4c(F)cccc4F)cc3F)ccnc2cc1OCCCN1CCCC1,active
CHEMBL3261543,CCOc1ccc(N2C(=O)CSC2c2cccc(Br)c2)cc1,active
CHEMBL3261575,COc1ccccc1N1C(=O)CSC1c1cccc(C(=O)NCCc2ccc(F)cc2)c1,active
CHEMBL4205443,COc1cc(-c2nc3cc(/C=C4\SC(=O)N(Cc5cc(OC)c(OC)c(OC)c5)C4=O)ccc3[nH]2)ccc1OCC(C)C,active
CHEMBL3793789,O=C(NN1C(=O)CS[C@@H]1c1ccc([N+](=O)[O-])cc1)c1cnccn1,active
CHEMBL2316330,CCN1C(=O)S/C(=C\C2=Cc3cccc(OC)c3OC2)C1=O,inactive
CHEMBL5177456,CC1=C(O)C(=O)C=C2C1=CC=C1[C@@]2(C)CC[C@@]2(C)[C@@H]3C[C@](C)(C(=O)N4CCN(C(=O)CN5C(=O)S/C(=C\C6CC6)C5=O)CC4)CC[C@]3(C)CC[C@]12C,active
CHEMBL2316319,O=C1NC(=O)/C(=C/C2=Cc3cc(Br)ccc3OC2)S1,inactive
CHEMBL3793867,O=C1NC(=S)S/C1=C1\C(=O)Nc2ccc(Br)cc21,inactive
CHEMBL4202977,O=C(O)CN1C(=O)/C(=C/c2ccc3c(c2)c2ccccc2n3Cc2ccc(C(F)(F)F)cc2)SC1=S,active
CHEMBL4563995,COc1cc2c(Oc3ccc(NC(=O)NN4C(=O)CSC4c4c(F)cccc4F)c4ccccc34)ccnc2cc1OCCCN1CCCC1,active
CHEMBL4214070,COc1cc(-c2nc3cc(/C=C4\SC(=O)NC4=O)ccc3[nH]2)cc(OC)c1OC,active
CHEMBL3098842,O=C(CN1C(=O)CSC1=O)c1ccc(Br)cc1,inactive
CHEMBL2062729,O=C1NC(=S)S/C1=C\C1=Cc2ccccc2OC1,inactive
CHEMBL367694,C[C@@H]1C[C@@]2(NC(=O)CS2)C2(O)O[C@@H]3C[C@@]4(COC(=O)CCc5ccccc5)[C@@H](CC[C@@H]5[C@@H]4CC[C@]4(C)[C@@H](C6=CC(=O)OC6)CC[C@]54CO)C[C@H]3O[C@@H]2O1,inactive
CHEMBL2316327,CC1Oc2ccc(Br)cc2C=C1/C=C1\SC(=O)N(C)C1=O,inactive
CHEMBL4456688,COc1cc2c(Oc3ccc(C4SCC(=O)N4NC(=O)Nc4ccc(F)c(F)c4F)cc3)ccnc2cc1OCCCN1CCOCC1,active
CHEMBL4170935,COc1cc2c(Oc3ccc(C4SCC(=O)N4NC(=O)Nc4ccccc4F)cc3)ccnc2cc1OCCCN1CCOCC1,active
CHEMBL4206589,COc1ccc(-c2nc3cc(/C=C4\SC(=O)N(CC(=O)N5CCOCC5)C4=O)ccc3[nH]2)cc1OC,active
CHEMBL4206860,COc1ccc(-c2nc3cc(/C=C4\SC(=O)N(Cc5cc(OC)c(OC)c(OC)c5)C4=O)ccc3[nH]2)cc1OC,active
CHEMBL2316328,CCN1C(=O)S/C(=C\C2=Cc3cc(Br)ccc3OC2C)C1=O,inactive
CHEMBL4587222,CCN1CCN(CCCOc2cc3nccc(Oc4c(F)cc(NC(=O)NN5C(=O)CSC5c5c(F)cccc5F)cc4F)c3cc2OC)CC1,active
CHEMBL2316320,O=C1NC(=S)S/C1=C\C1=Cc2cc(Br)ccc2OC1,inactive
CHEMBL4160512,COc1cc2c(Oc3ccc(NC(=O)NN4C(=O)CSC4c4c(F)cccc4F)cc3F)ccnc2cc1OCCCN1CCCC1,active
CHEMBL2316334,O=C1NC(=O)/C(=C/C2=Cc3ccccc3OC2)S1,inactive
CHEMBL2316322,O=C(O)CN1C(=O)/C(=C/C2=Cc3cc(Br)ccc3OC2)SC1=S,inactive
CHEMBL4440871,COc1cc2c(Oc3ccc(C4SCC(=O)N4NC(=O)Nc4ccc(F)cc4F)cc3F)ccnc2cc1OCCCN1CCCN(C)CC1,active
CHEMBL2316331,COc1cccc2c1OCC(/C=C1\SC(=S)N(CC(=O)O)C1=O)=C2,inactive
CHEMBL4202441,COc1cc(-c2nc3cc(/C=C4\SC(=O)N(CC(=O)N5CCCCC5)C4=O)ccc3[nH]2)cc(OC)c1OC,active
